<?xml version="1.0" encoding="UTF-8"?>
<project-private xmlns="http://www.netbeans.org/ns/project-private/1">
    <editor-bookmarks xmlns="http://www.netbeans.org/ns/editor-bookmarks/2" lastBookmarkId="0"/>
    <open-files xmlns="http://www.netbeans.org/ns/projectui-open-files/2">
        <group>
            <file>file:/C:/Users/william_c_pereira/Documents/GitHub/Senai/Aprendizagem%20em%20Programador%20de%20sistemas/Desenvolvimento%20de%20sistemas/Java/AppCadastroDesign/src/DesignJFrame.java</file>
            <file>file:/C:/Users/william_c_pereira/Documents/GitHub/Senai/Aprendizagem%20em%20Programador%20de%20sistemas/Desenvolvimento%20de%20sistemas/Java/AppCadastroDesign/src/Cliente.java</file>
            <file>file:/C:/Users/william_c_pereira/Documents/GitHub/Senai/Aprendizagem%20em%20Programador%20de%20sistemas/Desenvolvimento%20de%20sistemas/Java/AppCadastroDesign/src/Produto.java</file>
            <file>file:/C:/Users/william_c_pereira/Documents/GitHub/Senai/Aprendizagem%20em%20Programador%20de%20sistemas/Desenvolvimento%20de%20sistemas/Java/AppCadastroDesign/src/Fornecedor.java</file>
        </group>
    </open-files>
</project-private>
